7570,7477,0,0.55
7570,7478,0,1.73
7570,7663,0,0.55
7570,7664,0,1.73
7570,7571,0,16.51
7571,7479,1,1.73
7571,7665,1,1.73
7571,7572,1,16.51
7664,7572,1,1.22
7664,7665,1,11.61
7478,7479,1,5.96
7570,7569,1,0.28
7572,7480,2,1.73
7572,7666,2,1.73
7572,7573,2,16.51
7479,7480,2,5.96
7477,7385,2,0.63
7664,7758,2,1.22
7663,7757,2,0.63
7665,7666,2,5.96
7570,7476,2,0.33
7570,7662,2,0.33
7480,7481,3,3.49
7758,7759,3,3.49
7666,7667,3,11.61
7385,7386,3,11.61
7476,7384,3,1.22
7573,7481,3,1.22
7573,7667,3,1.22
7573,7574,3,11.61
7662,7756,3,1.73
7478,7386,3,0.63
7759,7760,4,3.49
7667,7575,4,1.22
7667,7761,4,1.22
7667,7668,4,11.61
7574,7575,4,3.49
7666,7760,4,1.22
7479,7387,4,0.63
7385,7293,4,1.22
7481,7482,4,3.49
7386,7387,4,3.49
7761,7762,5,3.49
7384,7292,5,1.22
7293,7294,5,3.49
7387,7388,5,3.49
7575,7576,5,3.49
7662,7755,5,0.55
7756,7850,5,1.22
7668,7669,5,3.49
7482,7483,5,3.49
7476,7383,5,0.39
7569,7475,5,0.33
7569,7661,5,0.33
7569,7568,5,0.28
7755,7849,6,1.22
7483,7484,6,3.49
7669,7670,6,3.49
7383,7291,6,1.22
7850,7851,6,3.49
7762,7763,6,3.49
7294,7295,6,3.49
7576,7577,6,3.49
7388,7389,6,3.49
7758,7852,6,0.37
7757,7851,6,0.37
7484,7485,7,2.96
7577,7578,7,2.96
7389,7390,7,2.96
7295,7296,7,2.96
7763,7764,7,2.96
7759,7853,7,0.35
7662,7754,7,0.3
7670,7671,7,2.96
7852,7853,7,2.96
7485,7486,8,2.96
7390,7391,8,2.96
7578,7579,8,2.96
7296,7297,8,10.4
7755,7848,8,0.4
7671,7672,8,2.96
7761,7855,8,0.35
7760,7854,8,0.35
7293,7201,8,0.35
7853,7854,8,2.96
7383,7290,8,0.4
7764,7765,8,2.96
7475,7382,8,0.4
7486,7487,9,2.96
7391,7392,9,2.96
7297,7298,9,2.96
7579,7580,9,2.96
7672,7673,9,2.96
7296,7204,9,1.23
7201,7202,9,2.96
7765,7766,9,2.96
7855,7856,9,2.96
7850,7944,9,0.35
7762,7856,9,0.35
7292,7200,9,0.35
7294,7202,9,0.35
7487,7488,10,2.96
7392,7393,10,2.96
7298,7299,10,2.96
7204,7205,10,2.96
7580,7581,10,2.96
7673,7674,10,2.96
7766,7767,10,2.96
7202,7203,10,2.96
7849,7943,10,0.35
7291,7199,10,0.35
7763,7857,10,0.35
7944,7945,10,2.96
7856,7857,10,2.96
7767,7768,11,2.96
7205,7206,11,2.96
7488,7489,11,2.96
7393,7394,11,2.96
7290,7198,11,0.35
7581,7582,11,2.96
7383,7289,11,0.24
7674,7582,11,1.23
7674,7768,11,1.23
7674,7675,11,10.4
7382,7289,11,0.4
7200,7108,11,1.23
7945,7946,11,2.96
7848,7942,11,0.35
7475,7567,11,0.24
7299,7300,11,2.96
7661,7567,11,0.24
7852,7946,11,0.35
7755,7847,11,0.24
7857,7858,11,2.96
7764,7858,11,0.35
7675,7676,12,2.96
7768,7769,12,2.96
7206,7207,12,2.96
7858,7859,12,2.96
7943,8037,12,1.23
7108,7109,12,4.85
7489,7490,12,2.96
7300,7301,12,2.96
7203,7111,12,1.23
7394,7395,12,2.96
7582,7583,12,2.96
7475,7381,12,0.24
7475,7474,12,0.2
7946,7947,12,2.96
7661,7753,12,0.24
7661,7660,12,0.2
7765,7859,12,0.35
7853,7947,12,0.35
7676,7677,13,3.49
7207,7208,13,3.49
8037,8038,13,3.49
7111,7112,13,3.49
7583,7584,13,3.49
7769,7770,13,3.49
7947,7948,13,3.49
7109,7110,13,3.49
7942,8036,13,1.22
7490,7491,13,3.49
7395,7396,13,3.49
7301,7302,13,3.49
7200,7107,13,0.39
7766,7860,13,0.37
7202,7110,13,0.37
7855,7949,13,0.37
7854,7948,13,0.37
7859,7860,13,3.49
7856,7950,13,0.37
8038,8039,14,3.49
7112,7020,14,1.73
7112,7113,14,16.51
7584,7585,14,3.49
7860,7861,14,3.49
7950,7951,14,3.49
7208,7209,14,3.49
7677,7678,14,3.49
7289,7197,14,0.37
7767,7861,14,0.37
7302,7303,14,3.49
7108,7016,14,0.63
7205,7113,14,0.37
7770,7771,14,3.49
7491,7492,14,3.49
7396,7397,14,3.49
7857,7951,14,0.37
7847,7941,14,0.37
7020,7114,15,1.22
7020,7021,15,11.61
7585,7493,15,1.22
7585,7679,15,1.22
7585,7586,15,11.61
7861,7862,15,3.49
7397,7398,15,3.49
7771,7772,15,3.49
7113,7114,15,11.61
7016,7017,15,3.49
7209,7210,15,3.49
7381,7288,15,0.39
7753,7846,15,0.39
7768,7862,15,0.37
7303,7304,15,3.49
7206,7114,15,0.37
8039,8040,15,3.49
7942,8035,15,0.39
7858,7952,15,0.37
7678,7679,15,3.49
7198,7106,15,0.37
7492,7493,15,3.49
7382,7288,15,0.23
7946,8040,15,0.37
7951,7952,15,3.49
7021,7022,16,3.49
7772,7773,16,3.49
7679,7680,16,3.49
8035,8129,16,1.22
7114,7115,16,3.49
7017,7018,16,11.61
7952,7953,16,11.61
7020,6928,16,1.22
7210,7211,16,11.61
7112,7019,16,0.55
7304,7305,16,3.49
7207,7115,16,0.37
8037,8131,16,0.37
7111,7019,16,0.37
7769,7863,16,0.37
7947,8041,16,0.37
8040,8041,16,3.49
7586,7587,16,3.49
7398,7399,16,3.49
7107,7015,16,0.37
7948,8042,16,0.63
7493,7494,16,3.49
7862,7863,16,3.49
7859,7953,16,0.37
7022,7023,17,3.49
7680,7681,17,3.49
8129,8130,17,3.49
6928,6929,17,11.61
7863,7864,17,3.49
8131,8132,17,11.61
7019,6927,17,1.73
7115,7116,17,3.49
7953,7954,17,3.49
7773,7774,17,3.49
7211,7212,17,3.49
7017,6925,17,1.22
7952,8046,17,1.22
7210,7118,17,1.22
8038,8132,17,0.37
7860,7954,17,0.37
7949,8043,17,0.37
8036,8130,17,0.37
7950,8044,17,0.37
7305,7306,17,3.49
7208,7116,17,0.37
7399,7400,17,3.49
7587,7588,17,3.49
7770,7864,17,0.37
8042,8043,17,3.49
7660,7566,17,0.23
7023,7117,18,1.22
7023,7024,18,11.61
6929,6930,18,3.49
7864,7865,18,3.49
7681,7682,18,3.49
7954,7955,18,3.49
6925,6926,18,5.96
6928,6836,18,1.22
8131,8225,18,1.22
7116,7117,18,3.49
7019,6926,18,0.55
7212,7213,18,3.49
7118,7119,18,3.49
7288,7196,18,0.37
8132,8133,18,3.49
8035,8128,18,0.39
7952,8045,18,0.39
7197,7105,18,0.37
7861,7955,18,0.37
7771,7865,18,0.37
7016,6924,18,0.37
7941,8034,18,0.39
7209,7117,18,0.37
8046,8047,18,3.49
7381,7473,18,0.23
8044,8045,18,3.49
7753,7659,18,0.23
7774,7775,18,3.49
8039,8133,18,0.37
7942,8034,18,0.23
7846,7940,18,0.37
7951,8045,18,0.37
7660,7752,18,0.23
7660,7659,18,0.2
7865,7866,19,3.49
6930,6931,19,11.61
6836,6837,19,16.51
8225,8226,19,3.49
8047,8048,19,3.49
7024,7025,19,3.49
6927,6835,19,1.22
7023,6931,19,1.22
7119,7027,19,1.73
7772,7866,19,0.37
7106,7014,19,0.37
8133,8134,19,3.49
7381,7287,19,0.23
7381,7380,19,0.2
7753,7845,19,0.23
7955,7956,19,3.49
8040,8134,19,0.37
7775,7776,19,5.96
7862,7956,19,0.37
8041,8135,19,0.63
7956,7957,20,3.49
8048,8049,20,3.49
7776,7684,20,1.73
7027,7028,20,5.96
6925,6833,20,0.63
8226,8227,20,3.49
8129,8223,20,0.37
7863,7957,20,0.37
8131,8224,20,0.39
7773,7867,20,0.37
7682,7590,20,0.63
8135,8136,20,11.61
7015,6923,20,0.37
7866,7867,20,11.61
8042,8136,20,0.37
7867,7868,21,3.49
7684,7592,21,1.73
7684,7778,21,1.73
7684,7685,21,16.51
7028,7029,21,3.49
8049,8050,21,3.49
7957,7958,21,3.49
6835,6743,21,1.22
7776,7869,21,0.55
8136,8137,21,3.49
6833,6834,21,3.49
7027,7121,21,0.63
6836,6743,21,0.55
8134,8228,21,1.22
7590,7498,21,1.73
7590,7591,21,16.51
7105,7013,21,0.63
8128,8222,21,0.37
6927,6834,21,0.39
8227,8228,21,3.49
8043,8137,21,0.37
7864,7958,21,0.37
8035,8127,21,0.23
8135,8229,21,1.22
7941,8033,21,0.23
8046,8140,21,0.37
7866,7960,21,1.22
8044,8138,21,0.37
7774,7868,21,0.37
7775,7869,21,0.63
7685,7686,22,5.96
8050,8051,22,11.61
7498,7499,22,11.61
7960,7961,22,11.61
7028,7122,22,0.37
8127,8221,22,1.22
7014,6922,22,0.63
7029,7030,22,3.49
7845,7939,22,0.37
7865,7959,22,0.37
7027,6935,22,0.63
6836,6742,22,0.33
8045,8139,22,0.37
7590,7497,22,0.55
8225,8319,22,0.37
8047,8141,22,0.37
7121,7215,22,1.73
7121,7122,22,16.51
8140,8141,22,3.49
7778,7779,22,3.45
7196,7104,22,0.37
6924,6832,22,0.37
7287,7195,22,0.37
8229,8230,22,3.49
7958,7959,22,3.49
7866,7959,22,0.39
7592,7593,22,11.61
8138,8139,22,3.49
6935,6936,23,3.49
7122,7123,23,3.49
7961,7962,23,11.61
7593,7594,23,3.45
6742,6650,23,1.73
7686,7687,23,3.45
7195,7103,23,1.22
8230,8231,23,3.49
8141,8142,23,3.49
8050,8144,23,1.22
8319,8320,23,3.49
7498,7406,23,1.22
7013,6921,23,1.22
7960,8054,23,1.22
7868,7962,23,1.22
7499,7407,23,1.22
7499,7500,23,11.61
7029,7123,23,0.37
8048,8142,23,0.37
7030,7031,23,3.49
8051,8052,23,3.49
8226,8320,23,0.37
7215,7123,23,1.73
7215,7309,23,1.73
7215,7216,23,16.51
7779,7780,23,3.45
7592,7500,23,1.22
6650,6558,24,1.73
8142,8143,24,3.49
8054,8055,24,3.49
8052,8053,24,11.61
7780,7781,24,3.45
7031,7032,24,3.49
7309,7217,24,1.73
7309,7403,24,1.73
7309,7310,24,16.51
7961,8055,24,1.22
6936,6937,24,3.49
7104,7012,24,1.22
7123,7217,24,1.22
7123,7124,24,11.61
7407,7501,24,1.22
7407,7408,24,11.61
7594,7595,24,3.45
7497,7405,24,1.22
8050,8143,24,0.39
7498,7405,24,0.39
7498,7404,24,0.23
7960,8053,24,0.39
8320,8321,24,3.49
8223,8317,24,0.37
6923,6831,24,0.37
8224,8318,24,0.37
8049,8143,24,0.37
7962,7963,24,5.96
7380,7472,24,0.23
6833,6741,24,0.37
7030,7124,24,0.37
8231,8232,24,3.49
7687,7688,24,3.45
8144,8145,24,5.96
8227,8321,24,0.37
7216,7124,24,1.73
7216,7310,24,1.73
7216,7217,24,16.51
7869,7963,24,0.63
7500,7501,24,3.49
8145,8146,25,1.04
7217,7311,25,4.3
7217,7218,25,4.55
7124,7125,25,1.04
7310,7311,25,1.04
6558,6652,25,0.88
6937,6938,25,1.04
8232,8233,25,1.04
8052,8146,25,3.43
7780,7874,25,0.88
7031,7125,25,0.98
7406,7314,25,0.63
6742,6649,25,0.36
8221,8315,25,0.98
8139,8233,25,0.98
7939,8032,25,0.62
8230,8324,25,0.98
7013,6920,25,0.29
7407,7315,25,0.63
8141,8235,25,0.98
8319,8413,25,0.98
6743,6649,25,0.26
8222,8316,25,0.98
8321,8415,25,3.43
8321,8322,25,3.63
8127,8220,25,0.62
7408,7502,25,1.6
7408,7409,25,1.7
7032,7125,25,0.62
7032,7126,25,3.43
7032,7033,25,3.63
7962,8056,25,1.6
7380,7286,25,0.21
7380,7379,25,0.21
7940,8032,25,0.29
8144,8238,25,1.6
8140,8234,25,0.98
7778,7872,25,0.88
8228,8322,25,0.98
8229,8323,25,0.98
7779,7873,25,0.88
8055,8056,25,1.04
7473,7379,25,0.21
7473,7565,25,0.29
7218,7312,26,3.43
7218,7219,26,3.63
8415,8416,26,1.04
7126,7220,26,3.43
7126,7127,26,3.63
7033,7127,26,3.43
7033,7034,26,3.63
7409,7410,26,1.04
8413,8414,26,1.04
8238,8332,26,3.43
8238,8239,26,3.63
8234,8328,26,3.43
7125,7219,26,3.43
8145,8239,26,0.98
7781,7875,26,0.88
7781,7782,26,0.94
7688,7782,26,0.88
7688,7689,26,0.94
7963,8057,26,0.98
6558,6559,26,0.94
8143,8237,26,0.98
6938,6939,26,1.04
8317,8411,26,0.98
8232,8326,26,0.98
8142,8236,26,0.98
8054,8148,26,0.98
7315,7316,26,1.7
8318,8412,26,0.98
7104,7011,26,0.29
7195,7102,26,0.29
7595,7689,26,0.88
7595,7596,26,0.94
8320,8414,26,0.98
8324,8325,26,1.04
7027,6934,26,0.14
8231,8325,26,0.98
8053,8147,26,0.98
8146,8240,26,3.43
8146,8147,26,3.63
6652,6746,26,3.43
6652,6653,26,3.63
8032,8126,26,3.43
8055,8149,26,0.98
8416,8417,27,1.04
7782,7783,27,1.04
7312,7313,27,3.63
8332,8426,27,3.43
8332,8333,27,3.63
7220,7221,27,1.7
7219,7313,27,3.43
7127,7128,27,1.04
8326,8327,27,1.04
7565,7658,27,0.62
7874,7968,27,0.98
8415,8509,27,0.98
8233,8327,27,0.98
8220,8314,27,0.98
7502,7503,27,0.94
7409,7503,27,0.98
8235,8329,27,0.98
7034,7128,27,3.43
7034,7035,27,3.63
8413,8507,27,0.98
8238,8331,27,0.62
6920,6828,27,0.63
8323,8417,27,0.98
8056,8150,27,0.98
7872,7966,27,0.88
8234,8327,27,0.62
7873,7967,27,0.88
7405,7313,27,0.63
8316,8410,27,0.98
7406,7313,27,0.29
8315,8409,27,0.98
6939,6940,27,1.04
6742,6648,27,0.26
7407,7313,27,0.21
7316,7317,27,1.04
8324,8418,27,0.98
8127,8219,27,0.29
7032,6940,27,0.63
7845,7938,27,0.18
6653,6654,27,1.04
8032,8125,27,0.62
7221,7222,28,3.63
8509,8510,28,1.04
6940,6941,28,1.04
7783,7784,28,1.04
6828,6829,28,3.63
7128,7222,28,3.43
7128,7129,28,3.63
8507,8508,28,1.04
8328,8422,28,0.98
8236,8330,28,0.98
8416,8510,28,0.98
7782,7876,28,0.98
7875,7969,28,0.98
7875,7876,28,1.04
6559,6560,28,0.94
8332,8425,28,0.62
8148,8242,28,0.98
7596,7690,28,0.88
7596,7597,28,0.94
7410,7504,28,0.88
7410,7411,28,0.94
7689,7690,28,0.94
8326,8420,28,0.98
7035,7129,28,3.43
7035,7036,28,3.63
8414,8508,28,0.98
6934,6842,28,0.63
8147,8241,28,0.98
8057,8151,28,0.88
8149,8243,28,0.88
8325,8419,28,0.98
6746,6840,28,0.98
6746,6747,28,1.04
6649,6556,28,0.36
8412,8506,28,0.98
7033,6941,28,0.63
7286,7194,28,0.3
8331,8425,28,1.6
6935,6843,28,0.18
8418,8419,28,1.04
7195,7194,28,0.21
8333,8334,28,1.04
7939,8031,28,0.29
6654,6655,28,1.04
6832,6740,28,0.18
7013,6919,28,0.21
6922,6830,28,0.18
7317,7318,28,1.04
8411,8505,28,0.98
6652,6560,28,0.63
6653,6747,28,0.98
8240,8334,28,0.98
8240,8241,28,1.04
6655,6749,29,1.6
6655,6656,29,1.7
7504,7598,29,3.43
7504,7505,29,3.63
7411,7505,29,3.43
7411,7412,29,3.63
7129,7223,29,3.43
7129,7130,29,3.63
6941,6942,29,1.04
7784,7878,29,1.6
7784,7785,29,1.7
8420,8514,29,1.6
8420,8421,29,1.7
7597,7691,29,3.43
7597,7598,29,3.63
6843,6844,29,1.04
8505,8599,29,1.6
7968,8062,29,0.98
7966,8060,29,0.88
8150,8244,29,0.88
8509,8603,29,0.98
8327,8421,29,0.98
7783,7877,29,0.98
7222,7223,29,1.7
8329,8423,29,0.98
8507,8601,29,0.98
7967,8061,29,0.88
8219,8313,29,0.98
8510,8604,29,3.43
8510,8511,29,3.63
7036,7130,29,1.6
7036,7037,29,1.7
8417,8511,29,0.98
8422,8516,29,3.43
8422,8423,29,3.63
7034,6942,29,0.63
7379,7471,29,0.29
6920,6827,29,0.29
6747,6841,29,3.43
6747,6748,29,3.63
7472,7564,29,0.29
8410,8504,29,0.98
8314,8408,29,0.98
8418,8512,29,0.98
7104,7010,29,0.21
7195,7101,29,0.21
6560,6561,29,1.04
8333,8427,29,0.98
6654,6748,29,0.98
8409,8503,29,0.98
7318,7319,29,1.04
8426,8520,29,0.98
8426,8427,29,1.04
6656,6657,30,1.04
7505,7506,30,1.04
7319,7320,30,1.04
7412,7413,30,1.04
6942,6943,30,3.63
8423,8517,30,1.6
8423,8424,30,1.7
8599,8600,30,1.04
8504,8598,30,3.43
6749,6750,30,3.63
8503,8597,30,3.43
7223,7224,30,1.7
8330,8424,30,0.98
8508,8602,30,0.98
6844,6845,30,1.04
7876,7970,30,0.98
8506,8600,30,0.98
8241,8335,30,0.88
8151,8245,30,0.88
8243,8337,30,0.88
8419,8513,30,0.98
7785,7786,30,1.04
8242,8336,30,0.88
7969,8063,30,0.98
7969,7970,30,1.04
6561,6562,30,1.04
8334,8428,30,0.88
8334,8335,30,0.94
7130,7224,30,3.43
7130,7131,30,3.63
8516,8610,30,3.43
8516,8517,30,3.63
8421,8515,30,3.43
8601,8602,30,1.04
6828,6736,30,0.63
6556,6464,30,0.79
7037,7131,30,1.6
7037,7038,30,1.7
8332,8424,30,0.29
7035,6943,30,0.63
8313,8407,30,3.43
7565,7657,30,0.29
8422,8515,30,0.62
6649,6555,30,0.26
7379,7378,30,0.21
8520,8614,30,1.6
8520,8521,30,1.7
8514,8608,30,3.43
8514,8515,30,3.63
8512,8513,30,1.04
8604,8605,30,1.04
8425,8519,30,0.98
8031,8124,30,0.62
8032,8124,30,0.29
8598,8692,31,13.76
8337,8431,31,4.94
8245,8339,31,4.94
7320,7414,31,13.76
7320,7321,31,1.21
7657,7751,31,4.46
8597,8691,31,13.76
7506,7600,31,4.46
8610,8704,31,4.46
7413,7507,31,4.46
6657,6751,31,4.46
8336,8430,31,4.94
8521,8615,31,4.94
7786,7880,31,4.46
8424,8518,31,6.84
8608,8702,31,6.84
8335,8429,31,4.94
8061,8155,31,4.46
8244,8338,31,4.94
8060,8154,31,4.94
7691,7692,31,0.39
7505,7599,31,4.46
7598,7692,31,4.46
7598,7599,31,0.39
8124,8217,31,1.21
8124,8218,31,13.76
8599,8693,31,4.46
8062,8156,31,4.46
8600,8694,31,4.46
8503,8596,31,1.21
8602,8696,31,4.46
8428,8522,31,4.94
8517,8611,31,20.55
8517,8518,31,1.8
7785,7879,31,4.46
8603,8697,31,4.46
8516,8609,31,1.21
8601,8695,31,4.46
7131,7225,31,4.46
8313,8406,31,1.21
8519,8613,31,4.94
7038,7132,31,13.76
7038,7039,31,1.21
8614,8708,31,4.94
7970,8064,31,4.46
7379,7285,31,0.2
6920,6826,31,0.2
7877,7971,31,4.46
8513,8607,31,4.46
8514,8607,31,1.21
8063,8157,31,4.46
8512,8606,31,4.46
8515,8609,31,6.84
8605,8699,31,4.46
8408,8502,31,4.46
8407,8501,31,6.84
8604,8698,31,4.46
7878,7972,31,4.46
7878,7879,31,0.39
7507,7601,32,4.46
7599,7693,32,4.46
8431,8525,32,4.94
8339,8433,32,4.94
7039,7133,32,20.55
7039,7040,32,1.8
8615,8709,32,4.94
8702,8795,32,1.8
8702,8796,32,20.55
8702,8703,32,1.8
7600,7693,32,1.21
7600,7694,32,13.76
8338,8432,32,4.94
8154,8248,32,4.46
7880,7974,32,4.46
8691,8785,32,6.84
7414,7508,32,4.46
8596,8689,32,1.21
8596,8690,32,13.76
8156,8249,32,1.21
8156,8250,32,13.76
8694,8788,32,4.46
8522,8616,32,4.94
8695,8789,32,4.46
8217,8311,32,4.46
8611,8705,32,4.46
8704,8798,32,4.46
8157,8251,32,4.46
8609,8703,32,20.55
7879,7973,32,4.46
7971,8065,32,13.76
8064,8158,32,4.46
7972,8066,32,4.46
8699,8793,32,4.46
8597,8690,32,1.21
8430,8524,32,4.94
6555,6647,32,0.57
6562,6563,32,0.6
8429,8523,32,4.94
8501,8595,32,13.76
8698,8792,32,4.46
8518,8612,32,4.46
6827,6735,32,0.38
8155,8249,32,4.46
7321,7415,32,4.46
8692,8786,32,13.76
8406,8500,32,6.84
6736,6737,32,0.6
6648,6647,32,0.23
6828,6735,32,0.23
6556,6462,32,0.29
8613,8707,32,4.94
8219,8312,32,0.39
6943,6944,32,0.6
8218,8312,32,4.46
8693,8787,32,4.46
8607,8701,32,13.76
7132,7226,32,20.55
7132,7133,32,1.8
8708,8802,32,4.94
8696,8790,32,4.46
8606,8700,32,4.46
8031,7937,32,0.2
8697,8791,32,4.46
7974,8068,33,4.46
8250,8344,33,4.46
8432,8526,33,4.94
8790,8884,33,4.46
8788,8882,33,4.46
7508,7602,33,4.46
8690,8784,33,13.76
8787,8881,33,4.46
8251,8345,33,4.46
8703,8797,33,4.46
8065,8159,33,4.46
8158,8252,33,4.46
8066,8160,33,4.46
7973,8067,33,4.46
8616,8710,33,4.94
7040,7134,33,20.55
7040,7041,33,1.8
8786,8880,33,13.76
8789,8883,33,4.46
8791,8885,33,4.46
8705,8799,33,4.46
8311,8405,33,4.46
8792,8886,33,4.46
8709,8803,33,4.46
7133,7227,33,4.46
8689,8783,33,4.46
8524,8618,33,4.94
8793,8887,33,4.46
8795,8889,33,6.84
8523,8617,33,4.94
8248,8342,33,4.46
7657,7750,33,0.39
7415,7509,33,4.46
6657,6658,33,0.39
6464,6465,33,0.44
7786,7787,33,0.39
8525,8619,33,4.94
6555,6554,33,0.34
7601,7695,33,4.46
8501,8594,33,1.21
6942,6850,33,0.38
8796,8889,33,1.8
8796,8890,33,20.55
8796,8797,33,1.8
8700,8794,33,13.76
7194,7193,33,0.23
7378,7470,33,0.38
8406,8499,33,0.6
8312,8405,33,1.21
6845,6846,33,0.39
8249,8342,33,1.21
8249,8343,33,13.76
8798,8892,33,4.46
8707,8801,33,4.94
7693,7787,33,4.46
8612,8706,33,4.94
6944,6945,33,1.21
7937,8030,33,1.21
7694,7788,33,4.46
8785,8879,33,4.46
8802,8896,33,4.46
6831,6739,33,0.13
8031,8123,33,0.38
8031,8030,33,0.23
8500,8594,33,4.46
8345,8439,34,4.46
8252,8346,34,13.76
8344,8438,34,4.46
8160,8254,34,4.46
8881,8975,34,4.46
8067,8161,34,4.46
8159,8253,34,4.46
8068,8162,34,4.46
8883,8977,34,4.46
8885,8979,34,4.46
8890,8984,34,4.46
8799,8893,34,4.94
8499,8592,34,1.21
8499,8593,34,13.76
6850,6851,34,1.21
8526,8620,34,4.94
7750,7843,34,1.21
7750,7844,34,13.76
8882,8976,34,4.46
8880,8974,34,13.76
8879,8973,34,13.76
6658,6752,34,4.46
7788,7882,34,4.46
8892,8986,34,4.94
7695,7789,34,4.46
7787,7881,34,4.46
8619,8713,34,4.94
8884,8978,34,4.46
7470,7563,34,1.21
8887,8981,34,4.46
8594,8688,34,6.84
8886,8980,34,6.84
7039,6947,34,0.57
8342,8436,34,4.46
7751,7844,34,0.39
8154,8247,34,0.39
7509,7603,34,4.46
8217,8310,34,0.39
8795,8888,34,0.6
8896,8990,34,4.46
7320,7228,34,0.38
8794,8888,34,13.76
8783,8877,34,13.76
8124,8216,34,0.38
8797,8891,34,4.46
6827,6734,34,0.23
7321,7322,34,0.39
8617,8711,34,4.94
7041,7135,34,4.46
8889,8983,34,4.46
8706,8800,34,4.94
8618,8712,34,4.94
6828,6734,34,0.2
7038,6946,34,0.38
7602,7696,34,4.46
8784,8878,34,13.76
6558,6466,34,0.14
8710,8804,34,4.46
7134,7228,34,4.46
8801,8895,34,4.94
8803,8897,34,4.46
8343,8437,34,4.46
8977,9071,35,4.46
7881,7975,35,4.46
8878,8972,35,4.46
8975,9069,35,4.46
8253,8347,35,4.46
8161,8255,35,4.46
8437,8531,35,4.46
8346,8440,35,4.46
8254,8348,35,4.46
8438,8532,35,4.46
8620,8714,35,4.94
8973,9067,35,6.84
8162,8256,35,4.46
7882,7976,35,4.46
8990,9084,35,4.94
8593,8687,35,6.84
8979,9073,35,4.46
8891,8985,35,4.46
8978,9072,35,13.76
8984,9078,35,4.46
6947,6948,35,1.21
8592,8685,35,1.21
8592,8686,35,13.76
8986,9080,35,4.46
8310,8403,35,1.21
8310,8404,35,13.76
8439,8533,35,4.46
8974,9068,35,13.76
8976,9070,35,4.46
7322,7416,35,4.46
8247,8341,35,4.46
7135,7229,35,4.46
8711,8805,35,4.94
8804,8898,35,4.94
7696,7790,35,4.46
8688,8782,35,13.76
8893,8987,35,4.94
8879,8972,35,1.21
8877,8971,35,4.46
6462,6461,35,0.34
6563,6564,35,0.39
7040,6948,35,0.57
8983,9077,35,13.76
8594,8687,35,0.6
7101,7009,35,0.19
8689,8782,35,0.39
8888,8982,35,13.76
7285,7377,35,0.38
8248,8341,35,0.39
7603,7697,35,13.76
6555,6461,35,0.29
7789,7883,35,4.46
8980,9074,35,6.84
8783,8876,35,1.21
8895,8989,35,4.46
6942,6849,35,0.23
8897,8991,35,4.94
7378,7377,35,0.23
8800,8894,35,4.94
8713,8807,35,4.94
8249,8341,35,0.38
6737,6738,35,0.39
8981,9075,35,4.46
8712,8806,35,4.94
8436,8530,35,4.46
7975,8069,36,4.46
9067,9161,36,6.84
9071,9165,36,4.46
8255,8349,36,4.46
8341,8435,36,4.46
8348,8442,36,4.46
8440,8534,36,4.46
8256,8350,36,4.46
8714,8808,36,4.94
7976,8070,36,4.46
9080,9174,36,4.46
9075,9169,36,13.76
9075,9076,36,1.21
7416,7510,36,13.76
8985,9079,36,4.46
6948,7042,36,4.46
8876,8970,36,4.46
9070,9164,36,4.46
9069,9163,36,6.84
8972,9066,36,13.76
8805,8899,36,4.94
8898,8992,36,4.94
8685,8779,36,6.84
8987,9081,36,4.46
8687,8781,36,6.84
9084,9178,36,4.94
8971,9065,36,13.76
9068,9162,36,6.84
8686,8780,36,13.76
9077,9171,36,4.46
8807,8901,36,4.94
8894,8988,36,4.94
9074,9168,36,4.46
7883,7977,36,4.46
8347,8441,36,4.46
8982,9076,36,4.46
9078,9172,36,4.46
8806,8900,36,4.94
9072,9166,36,13.76
9073,9167,36,4.46
8216,8309,36,0.6
8989,9083,36,4.46
8533,8627,36,4.46
8688,8781,36,1.21
8405,8498,36,0.6
6559,6467,36,0.14
6658,6659,36,0.39
6846,6847,36,0.39
8983,9076,36,1.21
8991,9085,36,4.94
8342,8435,36,0.39
7697,7791,36,4.46
7285,7192,36,0.23
7603,7604,36,1.21
8530,8624,36,4.46
6942,6848,36,0.2
6827,6733,36,0.2
7041,7042,36,0.39
7194,7100,36,0.2
8403,8497,36,4.46
8531,8625,36,4.46
8532,8626,36,4.46
6944,6852,36,0.38
7790,7884,36,4.46
7937,8029,36,0.38
6939,6847,36,0.13
7229,7323,36,4.46
8404,8498,36,13.76
9165,9259,37,3.56
9161,9255,37,3.56
8442,8536,37,3.56
8442,8443,37,3.8
6659,6753,37,1.13
6659,6660,37,1.2
8992,8993,37,1.29
9174,9268,37,3.56
9174,9175,37,3.8
7604,7605,37,1.2
9164,9258,37,3.56
7042,7043,37,1.2
9079,9173,37,3.56
9169,9263,37,3.56
9169,9170,37,3.8
9081,9082,37,1.2
8901,8902,37,1.29
7323,7417,37,3.56
7323,7324,37,3.8
8780,8874,37,3.56
8070,8071,37,1.29
9172,9266,37,3.56
9172,9173,37,3.8
6467,6468,37,1.2
9166,9260,37,3.56
6852,6853,37,3.8
8256,8257,37,1.2
7416,7417,37,3.8
6948,6949,37,1.2
6564,6565,37,1.2
8971,9064,37,0.6
8497,8591,37,1.82
6850,6758,37,0.61
6946,6854,37,0.92
8162,8163,37,1.2
7135,7136,37,1.2
9178,9179,37,1.29
9085,9086,37,1.29
8499,8591,37,0.28
7470,7562,37,0.28
6462,6368,37,0.3
7697,7698,37,1.2
7285,7284,37,0.2
6752,6753,37,1.2
8783,8875,37,0.28
7378,7284,37,0.2
6736,6644,37,0.32
7229,7230,37,1.2
9255,9256,38,1.2
8443,8444,38,1.2
6468,6469,38,1.2
6660,6754,38,1.13
6660,6661,38,1.2
8993,8994,38,1.29
7324,7418,38,1.13
7324,7325,38,1.2
7230,7231,38,1.94
9175,9269,38,3.56
9175,9176,38,3.8
8071,8072,38,1.29
8163,8164,38,1.2
6565,6566,38,1.2
8257,8258,38,1.2
9268,9362,38,3.56
9268,9269,38,3.8
9263,9264,38,1.2
8874,8968,38,1.82
7605,7606,38,1.2
6949,6950,38,5.67
7043,7137,38,1.13
7043,7044,38,1.2
9173,9267,38,3.56
7698,7699,38,1.2
6758,6759,38,1.2
7562,7656,38,1.13
8902,8996,38,1.82
9266,9360,38,3.56
9266,9267,38,3.8
6854,6855,38,1.2
8442,8535,38,0.6
8350,8444,38,1.13
8350,8351,38,1.2
9260,9261,38,1.2
9174,9267,38,0.6
7510,7511,38,1.2
9163,9257,38,1.13
9066,9160,38,1.13
9065,9159,38,1.13
9162,9256,38,1.13
9171,9265,38,1.13
8901,8995,38,1.21
7977,7978,38,1.2
9168,9262,38,1.13
8779,8873,38,1.13
6733,6641,38,0.61
8900,8994,38,1.21
8624,8718,38,1.21
8435,8529,38,1.13
8070,8164,38,1.21
8625,8719,38,1.13
8626,8720,38,1.13
8029,8122,38,0.6
8441,8535,38,1.13
8627,8721,38,1.13
8627,8628,38,1.2
9167,9261,38,1.13
7884,7978,38,1.13
7884,7885,38,1.2
8685,8778,38,0.31
9083,9177,38,1.21
7791,7885,38,1.13
7791,7792,38,1.2
8534,8628,38,1.13
8534,8535,38,1.2
6947,6855,38,0.61
8592,8684,38,0.28
8310,8402,38,0.28
9178,9272,38,1.21
7750,7842,38,0.28
8030,8122,38,0.28
7136,7137,38,1.2
9086,9180,38,3.56
9086,9087,38,3.8
7563,7656,38,0.19
7603,7511,38,0.61
7843,7936,38,0.19
6562,6470,38,0.32
8123,8215,38,0.28
8123,8122,38,0.2
6644,6645,38,1.2
9179,9180,38,1.29
7937,7936,38,0.2
8436,8529,38,0.19
7231,7232,39,1.2
7792,7793,39,1.2
8164,8165,39,1.2
8258,8259,39,1.2
6754,6755,39,3.8
9360,9454,39,3.56
9360,9361,39,3.8
9264,9358,39,3.56
9267,9361,39,1.82
6950,6951,39,5.67
8402,8496,39,1.13
8968,8969,39,1.2
6759,6760,39,3.8
8351,8352,39,1.2
7606,7607,39,1.2
9160,9254,39,1.82
9257,9351,39,3.56
7511,7512,39,1.2
9256,9350,39,3.56
9265,9359,39,3.56
7325,7419,39,1.13
7325,7326,39,1.2
6566,6567,39,1.2
8628,8629,39,1.2
9180,9181,39,1.29
7699,7700,39,1.2
6661,6755,39,1.13
6661,6662,39,1.2
7885,7886,39,1.2
8444,8538,39,3.56
8444,8445,39,3.8
6470,6471,39,3.8
9255,9349,39,1.13
6855,6856,39,1.2
8443,8537,39,1.13
9259,9353,39,1.13
9272,9273,39,1.29
8875,8969,39,1.13
8778,8872,39,1.82
9262,9356,39,3.56
8071,8165,39,1.21
9268,9361,39,0.6
9258,9352,39,1.13
9269,9363,39,1.82
9269,9270,39,1.94
8072,8073,39,1.2
9263,9357,39,1.13
9064,9158,39,1.13
6949,6857,39,0.92
9161,9254,39,0.6
9260,9354,39,1.13
6645,6646,39,1.2
7978,7979,39,1.2
9176,9270,39,3.56
6733,6825,39,0.28
6847,6755,39,0.61
6641,6642,39,3.8
6852,6760,39,0.61
8536,8630,39,1.13
8536,8537,39,1.2
9362,9363,39,1.2
6850,6757,39,0.28
6734,6642,39,0.32
7100,7008,39,0.61
7470,7469,39,0.2
9087,9181,39,3.56
9087,9088,39,3.8
6735,6643,39,0.32
7101,7008,39,0.15
8873,8967,39,3.56
7285,7191,39,0.2
6464,6372,39,0.21
8995,9089,39,1.82
7010,6918,39,0.2
6826,6918,39,0.09
7044,7138,39,1.13
7044,7045,39,1.2
9179,9273,39,1.21
8996,8904,39,0.92
7011,6918,39,0.09
7886,7887,40,1.2
7979,7980,40,1.2
8352,8353,40,1.2
7045,7139,40,1.13
7045,7046,40,1.2
7793,7887,40,1.82
7793,7794,40,1.94
8259,8260,40,1.2
6755,6756,40,1.94
8496,8590,40,3.56
7232,7233,40,1.2
9350,9444,40,1.82
9181,9182,40,1.29
9359,9453,40,1.82
7419,7513,40,1.82
7419,7420,40,1.94
6471,6472,40,1.2
6760,6761,40,1.94
8445,8446,40,1.2
6857,6858,40,5.67
9088,9182,40,1.82
6662,6756,40,1.82
6662,6663,40,1.94
8165,8166,40,1.2
9356,9450,40,3.56
9363,9457,40,3.56
9363,9364,40,3.8
7326,7420,40,1.82
7326,7327,40,1.94
9254,9348,40,1.82
9357,9451,40,1.82
7607,7608,40,1.2
6567,6568,40,1.2
9089,9183,40,5.32
9354,9355,40,1.2
7700,7701,40,1.2
9349,9443,40,3.56
9454,9548,40,3.56
9454,9455,40,3.8
7512,7513,40,1.2
8073,8074,40,1.2
8538,8539,40,1.2
6950,6858,40,0.92
8968,9062,40,1.13
9159,9253,40,1.13
8628,8722,40,1.13
9180,9274,40,1.21
7842,7935,40,0.6
8529,8623,40,1.21
9272,9366,40,1.21
8872,8966,40,3.56
8072,8166,40,1.13
8902,8810,40,0.32
9177,9271,40,1.21
7192,7099,40,0.28
8718,8812,40,1.21
9261,9355,40,1.13
9273,9274,40,1.29
8971,9063,40,0.28
9362,9456,40,1.13
6850,6756,40,0.2
8719,8813,40,1.21
7750,7749,40,0.2
7470,7376,40,0.2
8720,8814,40,1.13
6372,6373,40,1.29
6951,6952,40,5.67
9270,9271,40,1.2
8530,8623,40,0.19
8904,8905,40,1.29
8721,8815,40,1.13
8721,8722,40,1.2
7980,7981,41,1.2
8074,8075,41,1.2
7887,7888,41,1.2
7046,7140,41,1.13
7046,7047,41,1.2
9444,9538,41,3.56
9444,9445,41,3.8
7233,7234,41,1.94
7327,7421,41,1.82
7327,7328,41,1.94
9182,9276,41,5.32
7513,7514,41,3.8
9453,9547,41,3.56
8905,8906,41,1.29
7420,7514,41,1.82
7420,7421,41,1.94
9457,9458,41,1.2
7701,7702,41,1.2
6663,6664,41,1.2
6472,6473,41,1.2
9183,9277,41,5.32
6952,6953,41,1.2
9456,9550,41,3.56
9451,9545,41,3.56
9451,9452,41,3.8
8260,8261,41,1.2
6568,6569,41,1.2
9355,9449,41,3.56
9274,9275,41,1.29
8722,8816,41,1.82
8722,8723,41,1.94
6761,6762,41,3.8
6373,6374,41,1.29
7794,7795,41,1.2
9443,9537,41,1.82
9450,9544,41,3.56
9181,9275,41,1.21
6857,6765,41,0.92
8966,9060,41,3.56
8810,8811,41,1.29
9352,9446,41,1.13
9158,9252,41,1.13
9351,9445,41,1.13
8166,8167,41,1.2
9366,9367,41,1.29
9353,9447,41,1.13
9354,9448,41,1.13
6642,6550,41,0.92
9358,9452,41,1.13
9364,9365,41,1.2
8967,9061,41,1.13
8073,8167,41,1.13
8538,8632,41,1.13
7608,7609,41,1.2
6759,6667,41,0.61
6470,6378,41,0.61
8537,8631,41,1.13
8353,8354,41,1.2
8630,8724,41,1.13
8630,8631,41,1.2
6733,6640,41,0.28
8624,8717,41,0.21
6641,6549,41,0.61
8446,8447,41,1.2
6858,6859,41,1.29
9273,9367,41,1.21
7100,7007,41,0.28
9455,9549,41,3.56
9548,9549,41,1.2
8539,8540,41,1.2
6951,6859,41,0.92
8629,8723,41,1.13
8904,8998,41,1.21
7514,7515,42,1.2
7234,7235,42,1.94
7140,7141,42,1.94
8906,8907,42,1.29
9276,9370,42,5.32
6550,6551,42,1.94
8816,8817,42,1.2
8075,8076,42,1.2
7981,7982,42,1.2
9277,9371,42,5.32
9449,9543,42,1.82
7047,7141,42,1.13
7047,7048,42,1.2
6953,6954,42,1.2
9550,9551,42,1.2
6374,6375,42,1.2
6762,6763,42,1.29
7795,7796,42,1.2
9448,9542,42,3.56
9458,9459,42,1.2
8261,8262,42,1.2
9452,9546,42,3.56
7888,7889,42,1.2
6473,6474,42,1.2
9446,9540,42,3.56
6667,6668,42,1.94
9367,9368,42,1.29
6859,6860,42,1.2
8447,8448,42,1.2
6378,6379,42,1.2
8998,8999,42,1.29
9545,9546,42,1.2
8354,8448,42,3.56
8354,8355,42,3.8
9275,9369,42,3.56
8074,8168,42,1.13
6569,6570,42,1.2
9348,9442,42,1.13
7935,8028,42,0.6
8905,8999,42,1.21
9457,9551,42,1.13
9253,9347,42,1.13
9063,9157,42,1.13
9062,9156,42,1.21
8540,8541,42,1.2
8813,8907,42,1.21
9274,9368,42,1.21
8814,8908,42,1.21
8815,8909,42,1.13
6664,6665,42,1.2
7702,7703,42,1.2
8496,8589,42,0.6
9366,9460,42,1.21
8167,8168,42,1.2
9349,9442,42,0.6
8684,8777,42,0.31
7328,7422,42,1.13
7328,7329,42,1.2
9538,9539,42,1.2
6856,6764,42,0.61
8778,8871,42,0.31
8872,8965,42,0.6
6765,6766,42,1.94
9544,9638,42,1.82
6733,6732,42,0.2
8029,8121,42,0.28
9548,9642,42,1.13
8539,8633,42,1.13
8632,8633,42,1.2
7609,7610,42,1.2
8817,8818,43,1.12
7982,7983,43,1.12
8076,8077,43,1.12
6551,6552,43,1.12
9642,9643,43,1.12
9542,9636,43,3.5
7889,7890,43,1.12
8355,8449,43,1.8
8355,8356,43,1.91
8999,9000,43,1.11
6375,6376,43,1.12
9551,9552,43,1.12
7329,7330,43,1.12
9369,9463,43,4.98
7610,7611,43,1.12
6860,6861,43,1.12
8448,8449,43,1.12
8168,8169,43,1.91
6954,6955,43,1.12
8906,9000,43,1.04
8816,8910,43,1.05
8075,8169,43,1.05
8541,8635,43,3.5
8541,8542,43,3.72
9550,9644,43,1.05
8589,8683,43,1.8
6668,6669,43,1.12
9447,9541,43,1.05
9061,9155,43,1.04
9458,9552,43,1.05
9252,9346,43,1.05
9367,9461,43,1.04
9638,9639,43,1.12
8724,8818,43,1.05
8724,8725,43,1.12
8998,9092,43,1.04
6766,6767,43,1.11
9545,9639,43,1.05
6549,6457,43,0.88
6665,6666,43,1.12
8262,8263,43,1.12
7141,7142,43,3.72
9060,9154,43,1.04
6474,6475,43,1.12
9460,9461,43,1.12
9442,9536,43,3.5
8540,8634,43,1.05
7796,7890,43,1.8
7796,7797,43,1.91
9347,9441,43,1.8
9540,9541,43,1.12
6761,6669,43,0.62
9549,9643,43,1.05
8966,9059,43,0.61
6379,6380,43,1.12
6570,6571,43,1.12
9538,9632,43,1.05
6759,6666,43,0.29
8215,8308,43,0.31
7048,7142,43,1.05
7048,7049,43,1.12
6470,6377,43,0.29
8631,8725,43,1.05
9537,9631,43,1.05
9547,9641,43,1.05
7562,7655,43,0.19
7515,7516,43,1.12
7192,7098,43,0.21
6640,6548,43,0.62
6641,6548,43,0.29
7235,7236,43,5.29
6461,6553,43,0.09
7009,6917,43,0.19
7703,7704,43,1.12
7377,7283,43,0.21
7422,7516,43,3.5
7422,7423,43,3.72
8632,8726,43,1.05
8169,8170,44,1.12
7236,7237,44,1.12
8818,8819,44,1.12
7611,7705,44,4.98
7611,7612,44,5.29
7423,7517,44,1.8
7423,7424,44,1.91
9632,9633,44,1.12
7704,7705,44,1.12
9000,9001,44,1.11
9552,9646,44,3.5
9552,9553,44,3.72
9536,9630,44,1.8
6571,6572,44,1.12
9636,9637,44,1.12
7049,7143,44,1.05
7049,7050,44,1.12
9461,9555,44,3.5
9461,9462,44,3.72
7516,7517,44,1.12
6457,6458,44,5.29
7330,7424,44,1.8
7330,7331,44,1.91
7142,7143,44,1.12
9463,9464,44,1.11
8817,8911,44,1.05
8076,8170,44,1.05
9156,9250,44,1.04
9370,9464,44,1.04
9371,9465,44,1.04
9642,9736,44,1.05
7983,7984,44,1.12
6767,6768,44,1.11
9546,9640,44,1.05
8999,9093,44,1.04
9551,9645,44,1.05
8907,9001,44,1.04
9369,9462,44,0.86
8633,8727,44,1.05
8909,9003,44,1.05
8077,8078,44,1.12
9639,9640,44,1.12
9368,9462,44,1.05
8908,9002,44,1.04
9543,9637,44,1.05
6764,6672,44,0.88
8542,8543,44,1.12
9541,9635,44,3.5
6669,6670,44,1.12
9638,9732,44,1.05
9157,9251,44,1.04
8121,8214,44,0.61
6955,6956,44,1.12
9460,9554,44,1.05
9459,9553,44,1.05
7099,7006,44,0.29
9540,9634,44,1.05
9539,9633,44,1.05
6475,6476,44,1.12
8263,8264,44,1.12
7890,7984,44,1.8
7890,7891,44,1.91
6380,6381,44,1.12
7842,7934,44,0.28
9644,9645,44,1.12
8872,8964,44,0.28
8356,8357,44,1.12
7797,7891,44,1.8
7797,7798,44,1.91
6733,6639,44,0.21
7235,7143,44,0.88
7100,7006,44,0.21
6861,6862,44,1.12
6464,6371,44,0.09
7424,7518,45,1.8
7424,7425,45,1.91
7612,7706,45,1.8
7612,7613,45,1.91
6670,6671,45,1.11
6476,6477,45,3.72
7798,7892,45,1.8
7798,7799,45,1.91
9646,9740,45,1.8
9646,9647,45,1.91
7517,7518,45,1.91
8819,8820,45,1.12
7331,7425,45,4.98
7331,7332,45,5.29
6572,6573,45,3.72
9736,9737,45,1.12
9630,9724,45,3.5
7705,7799,45,4.98
7705,7706,45,5.29
9002,9096,45,1.8
7891,7985,45,1.8
7891,7892,45,1.91
6381,6382,45,1.12
6672,6673,45,1.11
7050,7144,45,1.05
7050,7051,45,1.12
9003,9097,45,1.8
9003,9004,45,1.91
8264,8358,45,1.8
8264,8265,45,1.91
7237,7238,45,1.12
7143,7144,45,5.29
6458,6459,45,1.12
9635,9729,45,1.8
9732,9826,45,3.5
9732,9733,45,3.72
6956,6957,45,1.12
8910,9004,45,1.05
8818,8912,45,1.05
7611,7518,45,0.41
7611,7519,45,0.88
9632,9726,45,1.05
9000,9094,45,1.04
9092,9186,45,1.04
8308,8401,45,0.61
9155,9249,45,1.04
9643,9737,45,1.05
9059,9153,45,1.05
9636,9730,45,1.05
9441,9535,45,1.05
6666,6574,45,0.62
9631,9725,45,1.05
9633,9727,45,1.8
6457,6365,45,0.88
8634,8728,45,1.05
8726,8820,45,1.05
9463,9557,45,1.04
9553,9647,45,3.5
9154,9248,45,1.04
8077,8171,45,1.05
9639,9733,45,1.05
8542,8636,45,1.05
8635,8729,45,1.05
8635,8636,45,1.12
9554,9648,45,1.8
6549,6456,45,0.41
8543,8637,45,3.5
8543,8544,45,3.72
9442,9535,45,0.61
8496,8588,45,0.28
8496,8495,45,0.21
8966,9058,45,0.28
9555,9556,45,1.11
8964,9058,45,1.8
8170,8171,45,1.12
9346,9440,45,1.05
8402,8495,45,0.19
7842,7841,45,0.21
9644,9738,45,1.05
7984,7985,45,1.91
8078,8172,45,1.8
8078,8079,45,1.91
6768,6769,45,1.12
8356,8450,45,1.05
6640,6547,45,0.29
6862,6863,45,3.72
9641,9735,45,1.05
8357,8358,45,1.12
9640,9734,45,3.5
8449,8450,45,1.12
9740,9834,46,1.8
9740,9741,46,1.91
9004,9098,46,1.8
9004,9005,46,1.91
7799,7893,46,3.5
7799,7800,46,3.72
6574,6575,46,1.91
9096,9190,46,4.98
6477,6478,46,1.91
7613,7707,46,1.8
7613,7614,46,1.91
7425,7426,46,1.91
6673,6674,46,1.11
6382,6383,46,1.12
7706,7800,46,4.98
7706,7707,46,5.29
9440,9534,46,1.8
8079,8080,46,1.12
9094,9188,46,4.98
9094,9095,46,5.29
9535,9629,46,3.5
6365,6366,46,1.91
7238,7239,46,5.29
7332,7333,46,1.12
7051,7145,46,1.04
7051,7052,46,1.11
9097,9191,46,1.8
9097,9098,46,1.91
9738,9832,46,3.5
9738,9739,46,3.72
8820,8821,46,1.12
7519,7520,46,1.91
8911,9005,46,1.05
8819,8913,46,1.05
7331,7239,46,0.88
9464,9558,46,1.04
6957,6958,46,1.12
9736,9830,46,1.05
9648,9742,46,3.5
9648,9649,46,3.72
9251,9345,46,1.05
9093,9187,46,1.04
9645,9739,46,1.05
9647,9741,46,1.8
9250,9344,46,1.04
9001,9095,46,1.04
8727,8821,46,1.05
9557,9558,46,1.11
9634,9728,46,1.05
6459,6460,46,1.12
8544,8638,46,4.98
8544,8545,46,5.29
9724,9818,46,3.5
8265,8266,46,1.12
8637,8731,46,4.98
8637,8638,46,5.29
9727,9821,46,4.98
9727,9728,46,5.29
6863,6864,46,1.12
8777,8870,46,0.31
9726,9820,46,3.5
9826,9920,46,3.5
9826,9827,46,3.72
8589,8682,46,0.31
6667,6575,46,0.32
9725,9819,46,3.5
7935,8027,46,0.28
8543,8451,46,0.62
8358,8452,46,3.5
8358,8359,46,3.72
9555,9649,46,1.04
7842,7748,46,0.21
6368,6460,46,0.09
7985,7986,46,1.91
9637,9731,46,1.05
6769,6770,46,3.72
8357,8451,46,1.05
9730,9824,46,3.5
9730,9731,46,3.72
9005,9099,47,3.5
9005,9006,47,3.72
9821,9915,47,4.98
9821,9822,47,5.29
9832,9833,47,1.12
9188,9282,47,4.98
9188,9189,47,5.29
9820,9914,47,4.98
8080,8081,47,1.12
6478,6479,47,1.12
6575,6576,47,1.12
9834,9835,47,1.91
9190,9284,47,4.98
9742,9743,47,1.11
9818,9912,47,3.5
9098,9192,47,4.98
9098,9099,47,5.29
9095,9189,47,1.8
9191,9285,47,1.8
9191,9192,47,1.91
9739,9833,47,4.98
7520,7521,47,1.91
7426,7427,47,1.91
7614,7615,47,1.12
6674,6675,47,1.11
6383,6384,47,1.12
8682,8776,47,3.5
7239,7240,47,1.12
6366,6367,47,3.72
7333,7427,47,3.5
7333,7334,47,3.72
9534,9628,47,3.5
8821,8822,47,1.12
6864,6865,47,1.12
8452,8546,47,3.5
8452,8453,47,3.72
9741,9835,47,3.5
7986,7987,47,1.91
9819,9913,47,4.98
7707,7801,47,1.8
7707,7708,47,1.91
7052,7146,47,1.04
7052,7053,47,1.11
9731,9825,47,3.5
9824,9918,47,4.98
9824,9825,47,5.29
8401,8494,47,0.61
9096,9189,47,0.86
8079,8173,47,1.05
8912,9006,47,1.05
9186,9280,47,1.04
6958,6959,47,1.11
9737,9831,47,1.05
7238,7146,47,0.88
9830,9924,47,3.5
9830,9831,47,3.72
9738,9831,47,0.61
8820,8914,47,1.05
6547,6455,47,0.62
6476,6384,47,0.62
9249,9343,47,1.04
6572,6480,47,0.62
8545,8639,47,4.98
8545,8546,47,5.29
9630,9723,47,0.61
9248,9342,47,1.04
8728,8822,47,1.05
9557,9651,47,1.04
7800,7894,47,1.8
7800,7801,47,1.91
9058,9152,47,1.05
9732,9825,47,0.61
9735,9829,47,1.05
9728,9822,47,3.5
6456,6364,47,0.88
8637,8730,47,0.86
6457,6364,47,0.41
7098,7005,47,0.29
9729,9823,47,1.05
8359,8453,47,3.5
8359,8360,47,3.72
9153,9247,47,1.04
9649,9650,47,1.11
7007,6915,47,0.19
6549,6455,47,0.29
9920,10014,47,1.8
9920,9921,47,1.91
8729,8823,47,1.05
8729,8730,47,1.12
8266,8360,47,4.98
8266,8267,47,5.29
9734,9828,47,1.05
7099,7005,47,0.21
6770,6771,47,1.12
8172,8173,47,1.12
7008,6916,47,0.19
9556,9650,47,1.04
9827,9828,47,1.12
8636,8730,47,1.05
6372,6280,47,0.19
8267,8361,48,1.8
8267,8268,48,1.91
9282,9376,48,4.98
9282,9283,48,5.29
9823,9917,48,4.98
7708,7802,48,1.8
7708,7709,48,1.91
9285,9286,48,1.91
7987,7988,48,1.12
9914,10008,48,4.98
9913,10007,48,4.98
6576,6577,48,1.12
9833,9927,48,1.8
9192,9286,48,4.98
9192,9193,48,5.29
6480,6481,48,1.91
9099,9193,48,3.5
9099,9100,48,3.72
6384,6385,48,1.12
7521,7522,48,1.12
7615,7616,48,1.12
7427,7428,48,1.12
9918,10012,48,3.5
9918,9919,48,3.72
7334,7335,48,1.11
7240,7241,48,3.72
9822,9916,48,3.5
8173,8174,48,1.91
9189,9283,48,4.98
9835,9836,48,3.72
8081,8175,48,1.8
8081,8082,48,1.91
7894,7988,48,4.98
7894,7895,48,5.29
10014,9922,48,0.62
10014,10108,48,3.5
10014,10015,48,3.72
9912,10006,48,4.98
9825,9919,48,3.5
9915,10009,48,4.98
9915,9916,48,5.29
6865,6866,48,1.11
8453,8547,48,4.98
8453,8454,48,5.29
9651,9652,48,1.11
9921,9922,48,1.12
9006,9007,48,1.11
8913,9007,48,1.05
7053,7147,48,1.04
7053,7054,48,1.11
9832,9926,48,1.05
9188,9281,48,0.86
8080,8174,48,1.05
9190,9283,48,0.86
9742,9836,48,1.04
9345,9439,48,1.05
9187,9281,48,1.04
8731,8825,48,1.05
8731,8732,48,1.12
8682,8775,48,0.61
8870,8963,48,0.61
7333,7241,48,0.62
9534,9627,48,0.61
8821,8915,48,1.05
9344,9438,48,1.05
9831,9925,48,4.98
9924,10018,48,3.5
9924,9925,48,3.72
9824,9917,48,0.86
9558,9652,48,1.04
8546,8547,48,5.29
6959,6960,48,1.11
8214,8307,48,0.31
9829,9923,48,3.5
8638,8732,48,1.05
6456,6363,48,0.41
9724,9817,48,0.61
8308,8400,48,0.28
8308,8307,48,0.21
6280,6281,48,1.11
7098,7190,48,0.28
6732,6824,48,0.15
8360,8454,48,4.98
8360,8361,48,5.29
9826,9919,48,0.61
6771,6772,48,1.12
7801,7895,48,4.98
7801,7802,48,5.29
8121,8213,48,0.28
8266,8174,48,0.88
6373,6281,48,0.19
9743,9744,48,1.11
6675,6676,48,1.11
8215,8307,48,0.15
6640,6546,48,0.21
6769,6677,48,0.62
10008,10102,49,11.61
8175,8269,49,5.96
9627,9721,49,3.49
10015,10109,49,11.61
10015,10016,49,1.22
10007,10100,49,1.73
10007,10101,49,16.51
9193,9194,49,1.73
6481,6482,49,1.22
9100,9194,49,11.61
9100,9101,49,1.22
10006,10100,49,11.61
7522,7523,49,1.22
7616,7710,49,3.45
7988,7989,49,1.73
10009,10103,49,11.61
10009,10010,49,1.22
9917,10010,49,1.73
9917,10011,49,16.51
8268,8362,49,5.96
9283,9377,49,3.45
7335,7429,49,3.45
10108,10201,49,1.73
10108,10202,49,16.51
10108,10109,49,1.73
9817,9911,49,3.49
9281,9374,49,1.73
9281,9375,49,16.51
9439,9533,49,11.61
8963,9056,49,1.22
8963,9057,49,11.61
8775,8869,49,5.96
8082,8176,49,5.96
9923,10016,49,1.73
9923,10017,49,16.51
8400,8493,49,1.22
9916,10010,49,16.51
7895,7989,49,5.96
8213,8306,49,1.22
9007,9101,49,3.45
9282,9375,49,1.73
9282,9374,49,0.55
7054,7148,49,3.45
8494,8587,49,1.22
9918,10011,49,1.22
9628,9722,49,3.49
9280,9374,49,3.45
9925,10019,49,11.61
9438,9532,49,5.96
8823,8917,49,3.49
8823,8824,49,0.37
10014,10107,49,1.22
9912,10005,49,1.73
8914,9008,49,3.49
7709,7803,49,16.51
7709,7710,49,1.73
9284,9377,49,1.22
9247,9341,49,3.45
8730,8824,49,3.49
9818,9911,49,1.22
9342,9436,49,3.45
9922,10016,49,5.96
6366,6274,49,0.39
10012,10106,49,3.49
9924,10017,49,1.22
9343,9437,49,3.45
9440,9533,49,0.63
6547,6454,49,0.23
9630,9722,49,0.39
9919,10013,49,5.96
7006,6914,49,0.12
8361,8362,49,1.73
6677,6678,49,1.22
7098,7097,49,0.23
8822,8916,49,3.49
7841,7933,49,0.39
6374,6282,49,0.12
6378,6286,49,0.12
8915,9008,49,1.22
8915,9009,49,11.61
8915,8916,49,1.22
8121,8120,49,0.23
9152,9246,49,3.45
8964,9057,49,0.63
7802,7896,49,16.51
7802,7803,49,1.73
10100,10194,50,3.49
9246,9340,50,3.45
10103,10197,50,3.49
8269,8270,50,1.22
10005,10099,50,3.49
10102,10196,50,3.49
9375,9469,50,3.45
9721,9815,50,3.49
10109,10203,50,16.51
10109,10110,50,1.73
7989,8083,50,16.51
7989,7990,50,1.73
10010,10104,50,5.96
10101,10195,50,5.96
6482,6483,50,1.22
10011,10105,50,11.61
9532,9626,50,3.49
10017,10110,50,1.73
10017,10111,50,16.51
9437,9530,50,1.73
9437,9531,50,16.51
8176,8270,50,5.96
9374,9468,50,5.96
7896,7990,50,5.96
7523,7617,50,3.45
8587,8680,50,1.22
8587,8681,50,11.61
8916,9010,50,3.49
9009,9103,50,3.45
7803,7897,50,3.49
7148,7242,50,3.45
8306,8399,50,1.22
10006,10099,50,1.22
6385,6386,50,0.63
9281,9373,50,0.55
8775,8868,50,0.63
8082,8083,50,0.63
6363,6271,50,0.55
9722,9816,50,3.49
10016,10110,50,16.51
7710,7804,50,11.61
9436,9530,50,3.45
9912,10004,50,0.55
7709,7617,50,0.55
9818,9910,50,0.39
9056,9150,50,3.49
8682,8774,50,0.39
8682,8681,50,0.23
8870,8962,50,0.39
9534,9626,50,0.39
9341,9435,50,3.45
6639,6731,50,0.2
9465,9373,50,0.12
9008,9102,50,11.61
6456,6362,50,0.28
9724,9816,50,0.39
6377,6285,50,0.12
7841,7840,50,0.23
8589,8681,50,0.2
10106,10200,50,3.49
9057,9151,50,3.49
10194,10288,51,3.49
9468,9561,51,1.22
10195,10289,51,11.61
7617,7711,51,11.61
9373,9467,51,3.45
9626,9720,51,3.49
7242,7336,51,3.45
9816,9909,51,1.22
10004,10098,51,3.49
10104,10198,51,5.96
7990,8084,51,3.45
9531,9625,51,3.49
10197,10291,51,3.49
8868,8961,51,1.22
8083,8177,51,11.61
8083,8084,51,1.22
7804,7898,51,3.45
10196,10290,51,3.49
10099,10193,51,5.96
6386,6387,51,1.73
7897,7991,51,3.45
9340,9434,51,3.45
7429,7430,51,1.22
8176,8177,51,0.63
9374,9467,51,0.63
10200,10294,51,11.61
9530,9623,51,1.73
9530,9624,51,16.51
6577,6578,51,0.37
9627,9720,51,0.37
7335,7336,51,0.37
7710,7711,51,1.22
6479,6387,51,0.39
7054,7055,51,0.37
8494,8586,51,0.39
6364,6272,51,0.39
10105,10199,51,11.61
9435,9529,51,3.45
6960,6961,51,0.37
6365,6273,51,0.2
9815,9909,51,3.49
6866,6867,51,0.37
7098,7004,51,0.2
6772,6773,51,0.37
6375,6283,51,0.12
7841,7747,51,0.2
6379,6287,51,0.12
9150,9244,51,3.45
9151,9245,51,3.45
10289,10383,52,3.49
10098,10192,52,11.61
9625,9719,52,3.49
7898,7992,52,3.45
10290,10384,52,11.61
10199,10293,52,11.61
8084,8178,52,3.45
7991,8085,52,3.45
9244,9338,52,3.45
7430,7524,52,3.45
8961,9055,52,5.96
9720,9814,52,3.49
9909,10003,52,3.49
10288,10382,52,3.49
6387,6388,52,1.73
10193,10287,52,3.49
9434,9528,52,3.45
9245,9339,52,3.45
7617,7618,52,1.22
9624,9718,52,5.96
8680,8773,52,0.63
8774,8867,52,0.63
10099,10192,52,0.63
8962,9055,52,0.63
6914,6822,52,0.55
7055,7149,52,3.45
7523,7524,52,0.37
10200,10293,52,1.22
9530,9622,52,0.55
6481,6389,52,0.39
10291,10385,52,11.61
10291,10292,52,1.22
9623,9716,52,1.22
9623,9717,52,11.61
8963,9055,52,0.39
8400,8492,52,0.39
6363,6270,52,0.33
10198,10292,52,3.49
8213,8305,52,0.39
7933,8026,52,0.37
9056,9149,52,0.37
6547,6453,52,0.2
6676,6584,52,0.39
7711,7805,52,3.45
6677,6585,52,0.39
6678,6679,52,0.37
7469,7561,52,0.12
9719,9813,53,3.49
7992,8086,53,3.45
9814,9908,53,3.49
10003,10097,53,3.49
10382,10476,53,3.49
10383,10477,53,11.61
9338,9432,53,3.45
7805,7899,53,3.45
7149,7243,53,3.45
6585,6586,53,1.22
9339,9433,53,3.45
10192,10286,53,11.61
9716,9810,53,3.49
9149,9243,53,3.45
10287,10381,53,3.49
10292,10386,53,11.61
10098,10191,53,1.22
9718,9812,53,3.49
8961,9054,53,0.63
7840,7932,53,0.39
6386,6294,53,0.55
6483,6484,53,0.37
7429,7337,53,0.39
6914,6821,53,0.33
6914,6913,53,0.33
6482,6390,53,0.39
6679,6680,53,1.22
8587,8679,53,0.39
8306,8398,53,0.39
7618,7712,53,3.45
9717,9811,53,3.49
6363,6269,53,0.28
6376,6284,53,0.12
6380,6288,53,0.12
6371,6279,53,0.12
7562,7654,53,0.12
9810,9904,54,3.49
9432,9526,54,3.45
7899,7993,54,3.45
9433,9527,54,3.45
10191,10285,54,3.49
10286,10380,54,3.49
6390,6391,54,1.73
10381,10475,54,3.49
7712,7806,54,3.45
9813,9907,54,3.49
7337,7431,54,3.45
8398,8491,54,1.22
10192,10285,54,1.22
6961,6962,54,0.37
6867,6868,54,0.37
6680,6774,54,3.49
9812,9906,54,3.49
7430,7431,54,0.37
6578,6579,54,0.37
9909,10002,54,0.37
6387,6295,54,0.55
7617,7525,54,0.39
8868,8960,54,0.39
6386,6293,54,0.33
9811,9905,54,3.49
7055,7056,54,0.37
6822,6823,54,0.63
9623,9715,54,0.39
8213,8212,54,0.23
6639,6638,54,0.12
6381,6289,54,0.12
9054,9148,54,5.96
6672,6580,54,0.12
6676,6583,54,0.23
6773,6774,54,0.37
6455,6361,54,0.2
9908,10002,54,3.49
9243,9337,54,3.45
10380,10474,55,2.73
10285,10379,55,2.73
9526,9620,55,9.86
10475,10568,55,1.23
10475,10569,55,9.86
10002,10096,55,2.73
7056,7150,55,2.34
9337,9431,55,2.34
7806,7900,55,2.34
9527,9621,55,2.34
9715,9809,55,2.34
9904,9998,55,2.73
7993,8087,55,2.34
9148,9242,55,2.73
8491,8585,55,4.17
6586,6587,55,0.52
8026,8119,55,0.34
6584,6492,55,0.45
9906,10000,55,2.73
6391,6485,55,4.17
8773,8866,55,0.34
9716,9809,55,0.34
9149,9242,55,0.3
6453,6545,55,0.4
10098,10190,55,0.4
7840,7839,55,0.24
9907,10001,55,2.73
7525,7619,55,2.34
6914,6820,55,0.23
9905,9999,55,2.73
7618,7619,55,0.3
8213,8119,55,0.21
9054,9147,55,0.52
6676,6582,55,0.21
7376,7468,55,0.11
7469,7468,55,0.07
10190,10284,56,2.73
9431,9525,56,2.34
10379,10473,56,2.73
9620,9714,56,2.34
7900,7994,56,2.34
9809,9903,56,2.73
6587,6681,56,2.73
7150,7244,56,2.34
7619,7713,56,2.34
10001,10095,56,2.73
9147,9241,56,4.17
9526,9619,56,1.23
8491,8584,56,0.52
6821,6729,56,0.45
10191,10284,56,0.34
7932,8025,56,0.34
9242,9336,56,2.34
6390,6298,56,0.45
6388,6296,56,0.4
6585,6493,56,0.4
6391,6392,56,0.52
10192,10284,56,0.4
6680,6681,56,0.34
9999,10093,56,2.73
7840,7746,56,0.21
6386,6292,56,0.23
9998,10092,56,2.73
10000,10094,56,2.73
6673,6581,56,0.1
6382,6290,56,0.11
10093,10187,57,2.34
6392,6486,57,11.23
6392,6393,57,1.4
9714,9808,57,4.17
10095,10189,57,2.73
7713,7807,57,2.34
9619,9713,57,2.34
8584,8678,57,4.17
9336,9430,57,2.34
10473,10566,57,1.23
10473,10567,57,9.86
10284,10378,57,2.73
9903,9997,57,2.73
7244,7338,57,2.34
9241,9335,57,2.34
10092,10186,57,2.73
6820,6912,57,0.45
10474,10567,57,1.23
9147,9240,57,0.52
10475,10567,57,0.4
6583,6491,57,0.45
6821,6728,57,0.27
6681,6775,57,9.86
6681,6682,57,1.23
8679,8772,57,0.34
10094,10188,57,2.73
8398,8490,57,0.4
6584,6491,57,0.27
6453,6360,57,0.24
6453,6452,57,0.24
6272,6179,57,0.24
6298,6299,57,1.4
8680,8772,57,0.17
6729,6730,57,1.23
7283,7375,57,0.11
10187,10281,58,2.73
9808,9902,58,2.73
6299,6300,58,1.4
6393,6487,58,2.34
10186,10280,58,2.73
9713,9807,58,2.34
9430,9524,58,2.34
7338,7432,58,2.34
9240,9334,58,2.73
10189,10283,58,2.73
7807,7901,58,2.34
10378,10472,58,2.73
10566,10660,58,2.73
6775,6869,58,2.34
8584,8677,58,0.52
6493,6494,58,0.52
6587,6588,58,0.34
9526,9618,58,0.4
7056,7057,58,0.3
6962,6963,58,0.3
6868,6869,58,0.3
10188,10282,58,2.73
6583,6490,58,0.27
9997,10091,58,2.73
8866,8959,58,0.34
6390,6297,58,0.27
6584,6490,58,0.23
8960,9053,58,0.34
8961,9053,58,0.17
9335,9429,58,2.34
6272,6178,58,0.21
6362,6268,58,0.21
6682,6776,58,2.34
7097,7189,58,0.11
6383,6291,58,0.11
10281,10375,59,2.73
6300,6394,59,11.23
6300,6301,59,1.4
9807,9901,59,4.17
10280,10374,59,2.73
10283,10377,59,9.86
7901,7995,59,2.34
9429,9523,59,2.34
9618,9712,59,2.34
6776,6870,59,2.34
7057,7151,59,2.34
10091,10185,59,2.73
9902,9996,59,2.73
8025,8118,59,0.34
9334,9428,59,2.34
6820,6819,59,0.27
10282,10376,59,2.73
8677,8770,59,1.23
8677,8771,59,9.86
6583,6489,59,0.23
6821,6727,59,0.23
8772,8865,59,0.52
7432,7526,59,2.34
8398,8397,59,0.24
7525,7526,59,0.3
6371,6278,59,0.06
6394,6488,60,2.34
8770,8864,60,2.73
9428,9522,60,2.34
7151,7245,60,2.34
9712,9806,60,2.34
10185,10279,60,2.73
9523,9617,60,2.34
10374,10468,60,2.73
6301,6395,60,4.17
6870,6964,60,2.34
10375,10469,60,2.73
9901,9995,60,2.73
7526,7620,60,2.34
10377,10471,60,2.73
9240,9333,60,0.34
10566,10659,60,0.34
10473,10565,60,0.4
10376,10470,60,2.73
9996,10090,60,2.73
7619,7620,60,0.3
6728,6636,60,0.45
6681,6589,60,0.4
8398,8304,60,0.21
6453,6359,60,0.21
6298,6206,60,0.45
6729,6637,60,0.4
9054,9146,60,0.17
6280,6188,60,0.1
10279,10373,61,2.96
9806,9900,61,4.85
10469,10563,61,2.96
7620,7714,61,2.67
9617,9711,61,2.67
10468,10562,61,2.96
6964,7058,61,2.67
9333,9427,61,2.96
7245,7339,61,2.67
8864,8958,61,2.96
9522,9616,61,2.67
10470,10564,61,2.96
10090,10184,61,2.96
6589,6683,61,2.67
6206,6207,61,1.54
6301,6302,61,0.57
9995,10089,61,2.96
6819,6911,61,0.4
9807,9900,61,0.57
8959,9052,61,0.35
6395,6396,61,1.23
7189,7282,61,0.35
6299,6207,61,0.49
7713,7714,61,0.32
8490,8583,61,0.35
6728,6635,61,0.3
6298,6205,61,0.3
6682,6683,61,0.32
7190,7282,61,0.12
6281,6189,61,0.12
10373,10467,62,2.96
10563,10657,62,2.96
10564,10658,62,2.96
10089,10183,62,2.96
10562,10656,62,2.96
9711,9805,62,2.67
10184,10278,62,2.96
9616,9710,62,2.67
7058,7152,62,2.67
6207,6208,62,1.54
7714,7808,62,2.67
9900,9994,62,2.67
8770,8863,62,0.35
8118,8211,62,0.35
6300,6208,62,0.49
6494,6495,62,0.32
6291,6199,62,0.4
7807,7808,62,0.32
6820,6726,62,0.25
9427,9521,62,2.67
7339,7433,62,2.67
9147,9239,62,0.19
8677,8769,62,0.4
7004,7096,62,0.12
6298,6204,62,0.25
6282,6190,62,0.12
6683,6777,62,2.67
6286,6194,62,0.12
6194,6195,63,1.23
9805,9899,63,2.67
10467,10561,63,2.96
9710,9804,63,2.67
7433,7527,63,2.67
8863,8957,63,2.96
9521,9615,63,2.67
10278,10372,63,2.96
9994,10088,63,2.96
6777,6871,63,2.67
7808,7902,63,2.67
7152,7246,63,2.67
10183,10277,63,2.96
6302,6303,63,0.57
9806,9899,63,0.57
9333,9426,63,0.35
6206,6114,63,0.49
8397,8489,63,0.4
7901,7902,63,0.32
10658,10751,63,1.23
10658,10752,63,10.4
10657,10751,63,2.96
10659,10752,63,0.35
10656,10750,63,2.96
6728,6634,63,0.25
6285,6193,63,0.12
6371,6277,63,0.06
6871,6965,64,2.67
10372,10466,64,2.96
9899,9993,64,2.67
9804,9898,64,2.67
7527,7621,64,2.67
9615,9709,64,2.67
6114,6115,64,1.54
9426,9520,64,2.96
10277,10371,64,2.96
10561,10655,64,2.96
6208,6209,64,0.57
8583,8676,64,0.35
9052,9145,64,0.35
6635,6543,64,0.4
6207,6115,64,0.49
6589,6590,64,0.32
8397,8396,64,0.24
6819,6818,64,0.24
8957,9051,64,2.96
6291,6198,64,0.24
10088,10182,64,2.96
7246,7340,64,2.67
6492,6400,64,0.19
8677,8676,64,0.24
6269,6177,64,0.12
6283,6191,64,0.12
6303,6397,64,4.85
10466,10560,65,2.96
7621,7715,65,2.67
7340,7434,65,2.67
9898,9992,65,2.67
9709,9803,65,2.67
6965,7059,65,2.67
10182,10276,65,2.96
10371,10465,65,2.96
9993,10087,65,2.96
6590,6684,65,2.67
8769,8862,65,0.35
8863,8956,65,0.35
6206,6113,65,0.3
8397,8303,65,0.2
6291,6197,65,0.2
6490,6398,65,0.19
6452,6544,65,0.12
6493,6401,65,0.19
7839,7931,65,0.12
6293,6201,65,0.12
9520,9614,65,2.67
10655,10749,65,2.96
7561,7653,65,0.12
6303,6304,65,0.57
10276,10370,66,2.96
7434,7528,66,2.67
9803,9897,66,2.67
7059,7153,66,2.67
9614,9708,66,2.67
10749,10843,66,2.96
6684,6778,66,2.67
9992,10086,66,2.67
7715,7809,66,2.67
9051,9144,66,1.23
6209,6210,66,0.57
6115,6116,66,0.57
8956,9050,66,2.96
10560,10654,66,2.96
6114,6022,66,0.49
9426,9519,66,0.35
6194,6102,66,0.4
9239,9332,66,0.35
6818,6910,66,0.4
10465,10559,66,2.96
6495,6496,66,0.32
6195,6196,66,0.35
10087,10181,66,2.96
6635,6542,66,0.24
6206,6112,66,0.25
6491,6399,66,0.19
6199,6200,66,0.32
6284,6192,66,0.12
7932,8024,66,0.12
6288,6196,66,0.12
6910,7003,67,0.81
8862,8955,67,0.94
9898,9991,67,0.81
9145,9238,67,0.94
9709,9802,67,0.81
10182,10275,67,0.94
10371,10464,67,0.94
8956,9049,67,0.94
8489,8582,67,0.94
10465,10558,67,0.94
10087,10180,67,0.94
6635,6541,67,0.21
6819,6725,67,0.21
6179,6086,67,0.09
7746,7838,67,0.18
9520,9613,67,0.81
10655,10748,67,0.94
6280,6187,67,0.05
7528,7622,68,0.86
6778,6872,68,0.86
10086,10179,68,0.94
9332,9425,68,0.94
9144,9237,68,0.94
9050,9143,68,0.94
9708,9801,68,0.81
9897,9990,68,0.81
10181,10274,68,0.94
8024,8117,68,0.94
9519,9612,68,0.94
8303,8395,68,0.62
10276,10369,68,0.94
9803,9896,68,0.81
9614,9707,68,0.81
10749,10842,68,0.94
10654,10747,68,0.94
6304,6305,68,0.27
9992,10085,68,0.81
10370,10463,68,0.94
9051,9143,68,0.62
10560,10653,68,0.94
6114,6021,68,0.24
6194,6101,68,0.21
6818,6817,68,0.29
10559,10652,68,0.94
10559,10653,68,1
7153,7247,68,0.86
6359,6451,68,0.18
8025,8117,68,0.18
9049,9143,68,1
7468,7560,68,0.18
9237,9330,69,3.39
9237,9331,69,3.59
9238,9331,69,0.94
9991,10084,69,0.81
6541,6633,69,0.62
9802,9895,69,0.81
8955,9048,69,0.94
10275,10368,69,0.94
10748,10841,69,0.94
8582,8675,69,0.94
6113,6020,69,0.24
6590,6591,69,0.15
6114,6020,69,0.24
6194,6100,69,0.21
10558,10651,69,0.94
10464,10557,69,0.94
7189,7281,69,0.18
6179,6085,69,0.09
9613,9706,69,0.94
7375,7467,69,0.18
6294,6202,69,0.07
9049,9142,69,0.94
10180,10273,69,0.81
9142,9236,70,1
7622,7716,70,0.86
10652,10745,70,0.81
10652,10746,70,0.86
8395,8488,70,0.94
10463,10556,70,0.94
9707,9800,70,0.94
9143,9236,70,0.94
9801,9894,70,0.81
9425,9518,70,0.94
9237,9329,70,0.62
9990,10083,70,0.81
9896,9989,70,0.81
6872,6966,70,0.86
10842,10935,70,0.94
7247,7341,70,0.86
8117,8210,70,0.94
10369,10462,70,0.94
6116,6117,70,0.27
9612,9705,70,0.94
8303,8210,70,0.21
8303,8302,70,0.29
6113,6019,70,0.24
10274,10367,70,0.94
6022,6023,70,0.27
6197,6105,70,0.29
10179,10272,70,0.81
10085,10178,70,0.81
8396,8488,70,0.27
10747,10840,70,0.94
8118,8210,70,0.18
6268,6176,70,0.09
6295,6203,70,0.07
6297,6203,70,0.09
6210,6211,70,0.27
10653,10746,70,0.94
9989,10082,71,1.44
9331,9424,71,0.94
9895,9988,71,0.81
9330,9423,71,0.94
9330,9424,71,1
8675,8768,71,0.94
10651,10744,71,0.81
7281,7374,71,0.94
9142,9235,71,0.94
6541,6449,71,0.29
6541,6540,71,0.29
10368,10461,71,0.94
6401,6402,71,0.15
10841,10934,71,0.94
10084,10177,71,0.81
6591,6685,71,0.86
6818,6724,71,0.21
7282,7374,71,0.18
9706,9799,71,0.94
10557,10650,71,0.94
9048,9141,71,0.94
10273,10366,71,0.81
6280,6186,71,0.05
